302,Aaron_Guiel_0001.jpg,happiness
302,Aaron_Patterson_0001.jpg,neutral
302,Aaron_Peirsol_0001.jpg,happiness
302,Aaron_Peirsol_0002.jpg,happiness
302,Aaron_Peirsol_0003.jpg,happiness
302,Aaron_Peirsol_0004.jpg,neutral
302,Aaron_Pena_0001.jpg,neutral
302,Aaron_Sorkin_0001.jpg,happiness
302,Aaron_Sorkin_0002.jpg,happiness
302,Aaron_Tippin_0001.jpg,neutral
302,Abbas_Kiarostami_0001.jpg,neutral
302,Abba_Eban_0001.jpg,happiness
302,Abdel_Aziz_Al-Hakim_0001.jpg,neutral
302,Abdel_Madi_Shabneh_0001.jpg,neutral
302,Abdel_Nasser_Assidi_0001.jpg,neutral
302,Abdel_Nasser_Assidi_0002.jpg,neutral
302,Abdoulaye_Wade_0001.jpg,neutral
302,Abdoulaye_Wade_0002.jpg,happiness
302,Abdoulaye_Wade_0003.jpg,neutral
302,Abdoulaye_Wade_0004.jpg,happiness
302,Abdulaziz_Kamilov_0001.jpg,neutral
302,Abdullah_0001.jpg,neutral
302,Abdullah_0002.jpg,neutral
302,Abdullah_0003.jpg,neutral
302,Abdullah_0004.jpg,neutral
302,Abdullah_Ahmad_Badawi_0001.jpg,happiness
302,Abdullah_al-Attiyah_0003.jpg,neutral
302,Abdullah_Gul_0001.jpg,neutral
302,Abdullah_Gul_0002.jpg,happiness
302,Abdullah_Gul_0003.jpg,happiness
302,Abdullah_Gul_0004.jpg,happiness
302,Abdullah_Gul_0005.jpg,happiness
302,Abdullah_Gul_0006.jpg,neutral
302,Abdullah_Gul_0007.jpg,neutral
302,Abdullah_Gul_0008.jpg,neutral
302,Abdullah_Gul_0009.jpg,neutral
302,Abdullah_Gul_0010.jpg,neutral
302,Abdullah_Gul_0011.jpg,neutral
302,Abdullah_Gul_0012.jpg,happiness
302,Abdullah_Gul_0013.jpg,neutral
302,Abdullah_Gul_0014.jpg,neutral
302,Abdullah_Gul_0016.jpg,neutral
302,Abdullah_Gul_0017.jpg,neutral
302,Abdullah_Gul_0018.jpg,neutral
302,Abdullah_Gul_0019.jpg,neutral
302,Abdullah_Nasseef_0001.jpg,surprise
302,Abdullatif_Sener_0001.jpg,neutral
302,Abdullatif_Sener_0002.jpg,neutral
302,Abdul_Rahman_0001.jpg,neutral
302,Abel_Aguilar_0001.jpg,neutral
302,Abel_Pacheco_0001.jpg,neutral
302,Abel_Pacheco_0002.jpg,neutral
302,Abel_Pacheco_0003.jpg,neutral
302,Abel_Pacheco_0004.jpg,neutral
302,Abid_Hamid_Mahmud_Al-Tikriti_0001.jpg,happiness
302,Abid_Hamid_Mahmud_Al-Tikriti_0003.jpg,neutral
302,Abner_Martinez_0001.jpg,happiness
302,Abraham_Foxman_0001.jpg,neutral
302,Aby_Har-Even_0001.jpg,neutral
302,Adam_Ant_0001.jpg,neutral
302,Adam_Freier_0001.jpg,neutral
302,Adam_Herbert_0001.jpg,neutral
302,Adam_Kennedy_0001.jpg,neutral
302,Adam_Mair_0001.jpg,surprise
302,Adam_Rich_0001.jpg,neutral
302,Adam_Sandler_0001.jpg,neutral
302,Adam_Sandler_0002.jpg,neutral
302,Adam_Sandler_0003.jpg,neutral
302,Adam_Sandler_0004.jpg,happiness
302,Adam_Scott_0001.jpg,neutral
302,Adam_Scott_0002.jpg,neutral
302,Adelina_Avila_0001.jpg,neutral
302,Adel_Al-Jubeir_0001.jpg,neutral
302,Adel_Al-Jubeir_0002.jpg,neutral
302,Adel_Al-Jubeir_0003.jpg,neutral
302,Adisai_Bodharamik_0001.jpg,neutral
302,Adolfo_Aguilar_Zinser_0001.jpg,neutral
302,Adolfo_Aguilar_Zinser_0002.jpg,neutral
302,Adolfo_Aguilar_Zinser_0003.jpg,neutral
302,Adolfo_Rodriguez_Saa_0001.jpg,happiness
302,Adolfo_Rodriguez_Saa_0002.jpg,happiness
302,Adoor_Gopalakarishnan_0001.jpg,neutral
302,Adriana_Lima_0001.jpg,neutral
302,Adriana_Perez_Navarro_0001.jpg,happiness
302,Adrianna_Zuzic_0001.jpg,neutral
302,Adrian_Annus_0001.jpg,neutral
302,Adrian_Fernandez_0001.jpg,neutral
302,Adrian_McPherson_0001.jpg,neutral
302,Adrian_McPherson_0002.jpg,neutral
302,Adrian_Murrell_0001.jpg,neutral
302,Adrian_Nastase_0001.jpg,neutral
302,Adrian_Nastase_0002.jpg,neutral
302,Adrien_Brody_0001.jpg,happiness
302,Adrien_Brody_0002.jpg,neutral
302,Adrien_Brody_0003.jpg,happiness
302,Adrien_Brody_0004.jpg,happiness
302,Adrien_Brody_0005.jpg,neutral
302,Adrien_Brody_0006.jpg,happiness
302,Adrien_Brody_0007.jpg,happiness
302,Adrien_Brody_0008.jpg,neutral
302,Adrien_Brody_0009.jpg,happiness
302,Adrien_Brody_0010.jpg,happiness
302,Adrien_Brody_0011.jpg,happiness
302,Adrien_Brody_0012.jpg,neutral
302,Afton_Smith_0001.jpg,happiness
302,Agbani_Darego_0001.jpg,neutral
302,Agnelo_Queiroz_0001.jpg,neutral
302,Agnes_Bruckner_0001.jpg,neutral
302,Ahmad_Jbarah_0001.jpg,neutral
302,Ahmad_Masood_0001.jpg,neutral
302,Ahmad_Masood_0002.jpg,neutral
302,Ahmed_Ahmed_0001.jpg,happiness
302,Ahmed_Chalabi_0001.jpg,neutral
302,Ahmed_Chalabi_0002.jpg,neutral
302,Ahmed_Chalabi_0003.jpg,neutral
302,Ahmed_Chalabi_0004.jpg,happiness
302,Ahmed_Chalabi_0005.jpg,neutral
302,Ahmed_Ghazi_0001.jpg,neutral
302,Ahmed_Ibrahim_Bilal_0001.jpg,neutral
302,Ahmed_Lopez_0001.jpg,neutral
302,Ahmed_Qureia_0001.jpg,happiness
302,Ahmet_Demir_0001.jpg,neutral
302,Ahmet_Necdet_Sezer_0001.jpg,neutral
302,Ahmet_Necdet_Sezer_0002.jpg,neutral
302,Aicha_El_Ouafi_0001.jpg,neutral
302,Aicha_El_Ouafi_0002.jpg,neutral
302,Aicha_El_Ouafi_0003.jpg,neutral
302,Aidan_Quinn_0001.jpg,neutral
302,Aileen_Riggin_Soule_0001.jpg,happiness
302,Ainsworth_Dyer_0001.jpg,neutral
302,Ain_Seppik_0001.jpg,neutral
302,Aishwarya_Rai_0001.jpg,happiness
302,Aitor_Gonzalez_0001.jpg,happiness
302,Aitor_Gonzalez_0002.jpg,happiness
302,Aiysha_Smith_0001.jpg,neutral
302,Ai_Sugiyama_0001.jpg,happiness
302,Ai_Sugiyama_0002.jpg,happiness
302,Ai_Sugiyama_0003.jpg,happiness
302,Ai_Sugiyama_0004.jpg,happiness
302,Ai_Sugiyama_0005.jpg,happiness
302,Ajit_Agarkar_0001.jpg,happiness
302,AJ_Cook_0001.jpg,happiness
302,AJ_Lamas_0001.jpg,happiness
302,Akbar_Al_Baker_0001.jpg,happiness
302,Akbar_Hashemi_Rafsanjani_0001.jpg,neutral
302,Akbar_Hashemi_Rafsanjani_0002.jpg,neutral
302,Akbar_Hashemi_Rafsanjani_0003.jpg,neutral
302,Akhmed_Zakayev_0001.jpg,neutral
302,Akhmed_Zakayev_0002.jpg,neutral
302,Akhmed_Zakayev_0003.jpg,neutral
302,Akiko_Morigami_0001.jpg,neutral
302,Akmal_Taher_0001.jpg,happiness
302,Alain_Cervantes_0001.jpg,sadness
302,Alain_Ducasse_0001.jpg,happiness
302,Alanis_Morissette_0001.jpg,happiness
302,Alanna_Ubach_0001.jpg,happiness
302,Alan_Ball_0001.jpg,happiness
302,Alan_Ball_0002.jpg,happiness
302,Alan_Dershowitz_0001.jpg,neutral
302,Alan_Dreher_0001.jpg,neutral
302,Alan_Greenspan_0002.jpg,happiness
302,Alan_Greenspan_0003.jpg,surprise
302,Alan_Greenspan_0004.jpg,neutral
302,Alan_Greenspan_0005.jpg,neutral
302,Alan_Greer_0001.jpg,neutral
302,Alan_Jackson_0001.jpg,happiness
302,Alan_Mulally_0001.jpg,neutral
302,Alan_Mulally_0002.jpg,happiness
302,Alan_Stonecipher_0001.jpg,neutral
302,Alan_Tang_Kwong-wing_0001.jpg,neutral
302,Alan_Trammell_0001.jpg,happiness
302,Alan_Zemaitis_0001.jpg,neutral
302,Alastair_Campbell_0001.jpg,neutral
302,Alastair_Campbell_0002.jpg,neutral
302,Alastair_Campbell_0003.jpg,neutral
302,Alastair_Campbell_0004.jpg,neutral
302,Alastair_Campbell_0005.jpg,neutral
302,Alastair_Johnston_0001.jpg,happiness
302,Albaro_Recoba_0001.jpg,neutral
302,Alberta_Lee_0001.jpg,happiness
302,Alberto_Acosta_0001.jpg,neutral
302,Alberto_Fujimori_0001.jpg,happiness
302,Alberto_Fujimori_0002.jpg,neutral
302,Alberto_Gonzales_0001.jpg,neutral
302,Alberto_Ruiz_Gallardon_0001.jpg,neutral
302,Alberto_Ruiz_Gallardon_0002.jpg,happiness
302,Alberto_Sordi_0001.jpg,happiness
302,Albert_Brooks_0001.jpg,happiness
302,Albert_Costa_0001.jpg,neutral
302,Albert_Costa_0002.jpg,neutral
302,Albert_Costa_0003.jpg,neutral
302,Albert_Costa_0004.jpg,neutral
302,Albert_Costa_0005.jpg,neutral
302,Albert_Costa_0006.jpg,neutral
302,Albert_Montanes_0001.jpg,neutral
302,Albert_Pujols_0001.jpg,happiness
302,Albrecht_Mentz_0001.jpg,neutral
302,Albrecht_Mentz_0002.jpg,neutral
302,Aldo_Paredes_0001.jpg,happiness
302,Aldo_Paredes_0002.jpg,happiness
302,Alecos_Markides_0001.jpg,neutral
302,Alec_Baldwin_0001.jpg,happiness
302,Alec_Baldwin_0002.jpg,happiness
302,Alec_Baldwin_0003.jpg,neutral
302,Alec_Baldwin_0004.jpg,neutral
302,Alejandro_Atchugarry_0001.jpg,neutral
302,Alejandro_Atchugarry_0002.jpg,neutral
302,Alejandro_Avila_0001.jpg,neutral
302,Alejandro_Avila_0002.jpg,neutral
302,Alejandro_Avila_0003.jpg,neutral
302,Alejandro_Fernandez_0001.jpg,happiness
302,Alejandro_Gonzalez_Inarritu_0001.jpg,happiness
302,Alejandro_Lembo_0001.jpg,happiness
302,Alejandro_Lerner_0001.jpg,neutral
302,Alejandro_Lopez_0001.jpg,happiness
302,Alejandro_Toledo_0001.jpg,neutral
302,Alejandro_Toledo_0002.jpg,neutral
302,Alejandro_Toledo_0003.jpg,neutral
302,Alejandro_Toledo_0004.jpg,anger
302,Alejandro_Toledo_0005.jpg,neutral
302,Alejandro_Toledo_0006.jpg,neutral
302,Alejandro_Toledo_0007.jpg,happiness
302,Alejandro_Toledo_0008.jpg,neutral
302,Alejandro_Toledo_0009.jpg,happiness
302,Alejandro_Toledo_0010.jpg,neutral
302,Alejandro_Toledo_0011.jpg,neutral
302,Alejandro_Toledo_0012.jpg,happiness
302,Alejandro_Toledo_0013.jpg,happiness
302,Alejandro_Toledo_0014.jpg,neutral
302,Alejandro_Toledo_0015.jpg,happiness
302,Alejandro_Toledo_0016.jpg,neutral
302,Alejandro_Toledo_0017.jpg,happiness
302,Alejandro_Toledo_0018.jpg,happiness
302,Alejandro_Toledo_0019.jpg,neutral
302,Alejandro_Toledo_0020.jpg,neutral
302,Alejandro_Toledo_0021.jpg,happiness
302,Alejandro_Toledo_0022.jpg,neutral
302,Alejandro_Toledo_0023.jpg,neutral
302,Alejandro_Toledo_0024.jpg,happiness
302,Alejandro_Toledo_0025.jpg,neutral
302,Alejandro_Toledo_0026.jpg,happiness
302,Alejandro_Toledo_0027.jpg,happiness
302,Alejandro_Toledo_0028.jpg,neutral
302,Alejandro_Toledo_0029.jpg,neutral
302,Alejandro_Toledo_0030.jpg,neutral
302,Alejandro_Toledo_0031.jpg,happiness
302,Alejandro_Toledo_0032.jpg,happiness
302,Alejandro_Toledo_0033.jpg,neutral
302,Alejandro_Toledo_0035.jpg,happiness
302,Alejandro_Toledo_0036.jpg,neutral
302,Alejandro_Toledo_0037.jpg,neutral
302,Alejandro_Toledo_0038.jpg,neutral
302,Aleksander_Kwasniewski_0001.jpg,happiness
302,Aleksander_Kwasniewski_0002.jpg,happiness
302,Aleksander_Kwasniewski_0003.jpg,neutral
302,Aleksander_Kwasniewski_0004.jpg,neutral
302,Aleksander_Voloshin_0001.jpg,happiness
302,Alek_Wek_0001.jpg,happiness
302,Alessandra_Cerna_0001.jpg,sadness
302,Alessandro_Nesta_0001.jpg,happiness
302,Alexander_Downer_0001.jpg,happiness
302,Alexander_Downer_0002.jpg,neutral
302,Alexander_Downer_0003.jpg,happiness
302,Alexander_Downer_0004.jpg,happiness
302,Alexander_Losyukov_0001.jpg,neutral
302,Alexander_Losyukov_0002.jpg,neutral
302,Alexander_Losyukov_0003.jpg,sadness
302,Alexander_Losyukov_0004.jpg,neutral
302,Alexander_Lukashenko_0001.jpg,anger
302,Alexander_Payne_0001.jpg,neutral
302,Alexander_Rumyantsev_0001.jpg,neutral
302,Alexander_Rumyantsev_0002.jpg,neutral
302,Alexandra_Jackson_0001.jpg,neutral
302,Alexandra_Pelosi_0001.jpg,happiness
302,Alexandra_Rozovskaya_0001.jpg,neutral
302,Alexandra_Spann_0001.jpg,happiness
302,Alexandra_Stevenson_0001.jpg,happiness
302,Alexandra_Stevenson_0002.jpg,neutral
302,Alexandra_Stevenson_0003.jpg,happiness
302,Alexandra_Vodjanikova_0001.jpg,neutral
302,Alexandra_Vodjanikova_0002.jpg,happiness
302,Alexandre_Daigle_0001.jpg,happiness
302,Alexandre_Despatie_0001.jpg,happiness
302,Alexandre_Vinokourov_0001.jpg,neutral
302,Alexa_Loren_0001.jpg,neutral
302,Alexa_Vega_0001.jpg,neutral
302,Alexis_Bledel_0001.jpg,happiness
302,Alexis_Dennisoff_0001.jpg,happiness
302,Alex_Barros_0001.jpg,happiness
302,Alex_Barros_0002.jpg,happiness
302,Alex_Cabrera_0001.jpg,neutral
302,Alex_Cejka_0001.jpg,happiness
302,Alex_Corretja_0001.jpg,neutral
302,Alex_Ferguson_0001.jpg,happiness
302,Alex_Gonzalez_0001.jpg,neutral
302,Alex_Holmes_0001.jpg,happiness
302,Alex_King_0001.jpg,neutral
302,Alex_Penelas_0001.jpg,neutral
302,Alex_Penelas_0002.jpg,neutral
302,Alex_Popov_0001.jpg,neutral
302,Alex_Sink_0001.jpg,happiness
302,Alex_Sink_0002.jpg,happiness
302,Alex_Sink_0003.jpg,neutral
302,Alex_Wallau_0001.jpg,happiness
302,Alex_Zanardi_0001.jpg,happiness
302,Alfonso_Cuaron_0001.jpg,neutral
302,Alfonso_Portillo_0001.jpg,neutral
302,Alfonso_Soriano_0001.jpg,happiness
302,Alfredo_di_Stefano_0001.jpg,neutral
302,Alfredo_Moreno_0001.jpg,happiness
302,Alfredo_Pena_0001.jpg,neutral
302,Alfred_Ford_0001.jpg,neutral
302,Alfred_Sant_0001.jpg,neutral
302,Alice_Fisher_0001.jpg,neutral
302,Alice_Fisher_0002.jpg,neutral
302,Alicia_Hollowell_0001.jpg,anger
302,Alicia_Keys_0001.jpg,happiness
302,Alicia_Molik_0001.jpg,neutral
302,Alicia_Silverstone_0001.jpg,happiness
302,Alicia_Silverstone_0002.jpg,happiness
302,Alicia_Witt_0001.jpg,happiness
302,Alimzhan_Tokhtakhounov_0001.jpg,neutral
302,Alimzhan_Tokhtakhounov_0002.jpg,neutral
302,Alina_Kabaeva_0001.jpg,happiness
302,Aline_Chretien_0001.jpg,happiness
302,Alisha_Richman_0001.jpg,neutral
302,Alison_Krauss_0001.jpg,happiness
302,Alison_Lohman_0001.jpg,happiness
302,Alison_Lohman_0002.jpg,neutral
302,Alistair_MacDonald_0001.jpg,happiness
302,Ali_Abbas_0002.jpg,neutral
302,Ali_Abdullah_Saleh_0001.jpg,neutral
302,Ali_Adbul_Karim_Madani_0001.jpg,happiness
302,Ali_Ahmeti_0001.jpg,neutral
302,Ali_Bin_Hussein_0001.jpg,neutral
302,Ali_Fallahian_0001.jpg,neutral
302,Ali_Hammoud_0001.jpg,happiness
302,Ali_Khamenei_0001.jpg,happiness
302,Ali_Khamenei_0002.jpg,happiness
302,Ali_Khamenei_0003.jpg,happiness
302,Ali_Mohammed_Maher_0001.jpg,neutral
302,Ali_Naimi_0001.jpg,neutral
302,Ali_Naimi_0002.jpg,neutral
302,Ali_Naimi_0003.jpg,neutral
302,Ali_Naimi_0004.jpg,neutral
302,Ali_Naimi_0005.jpg,neutral
302,Ali_Naimi_0006.jpg,neutral
302,Ali_Naimi_0007.jpg,neutral
302,Allan_Kemakeza_0001.jpg,happiness
302,Allan_Wagner_0001.jpg,neutral
302,Allen_Iverson_0001.jpg,surprise
302,Allen_Iverson_0002.jpg,neutral
302,Allen_Rock_0001.jpg,neutral
302,Allison_Janney_0001.jpg,surprise
302,Allison_Janney_0002.jpg,happiness
302,Allison_Searing_0001.jpg,neutral
302,Allyson_Felix_0001.jpg,neutral
302,Allyson_Felix_0002.jpg,neutral
302,Allyson_Felix_0003.jpg,happiness
302,Allyson_Felix_0004.jpg,neutral
302,Allyson_Felix_0005.jpg,neutral
302,Ally_Sheedy_0001.jpg,happiness
302,Almeida_Baptista_0001.jpg,neutral
302,Alonzo_Mourning_0001.jpg,neutral
302,Alvaro_Noboa_0001.jpg,happiness
302,Alvaro_Noboa_0002.jpg,anger
302,Alvaro_Noboa_0003.jpg,happiness
302,Alvaro_Silva_Calderon_0001.jpg,surprise
302,Alvaro_Silva_Calderon_0002.jpg,happiness
302,Alvaro_Silva_Calderon_0003.jpg,neutral
302,Alvaro_Silva_Calderon_0004.jpg,neutral
302,Alvaro_Uribe_0001.jpg,surprise
302,Alvaro_Uribe_0002.jpg,neutral
302,Alvaro_Uribe_0003.jpg,neutral
302,Alvaro_Uribe_0004.jpg,neutral
302,Alvaro_Uribe_0005.jpg,happiness
302,Alvaro_Uribe_0006.jpg,neutral
302,Alvaro_Uribe_0007.jpg,neutral
302,Alvaro_Uribe_0008.jpg,neutral
302,Alvaro_Uribe_0009.jpg,neutral
302,Alvaro_Uribe_0010.jpg,neutral
302,Alvaro_Uribe_0011.jpg,neutral
302,Alvaro_Uribe_0012.jpg,neutral
302,Alvaro_Uribe_0013.jpg,neutral
302,Alvaro_Uribe_0014.jpg,surprise
302,Alvaro_Uribe_0015.jpg,neutral
302,Alvaro_Uribe_0017.jpg,neutral
302,Alvaro_Uribe_0018.jpg,neutral
302,Alvaro_Uribe_0019.jpg,neutral
302,Alvaro_Uribe_0020.jpg,happiness
302,Alvaro_Uribe_0021.jpg,neutral
302,Alvaro_Uribe_0022.jpg,happiness
302,Alvaro_Uribe_0023.jpg,neutral
302,Alvaro_Uribe_0024.jpg,neutral
302,Alvaro_Uribe_0025.jpg,neutral
302,Alvaro_Uribe_0026.jpg,neutral
302,Alvaro_Uribe_0027.jpg,neutral
302,Alvaro_Uribe_0028.jpg,neutral
302,Alvaro_Uribe_0029.jpg,neutral
302,Alvaro_Uribe_0030.jpg,neutral
302,Alvaro_Uribe_0031.jpg,happiness
302,Alvaro_Uribe_0032.jpg,happiness
302,Alvaro_Uribe_0033.jpg,neutral
302,Alvaro_Uribe_0034.jpg,neutral
302,Alvaro_Uribe_0035.jpg,neutral
302,Alyse_Beaupre_0001.jpg,happiness
302,Alyson_Hannigan_0001.jpg,happiness
302,Aly_Wagner_0001.jpg,happiness
302,Al_Cardenas_0001.jpg,neutral
302,Al_Davis_0001.jpg,happiness
302,Al_Davis_0002.jpg,neutral
302,Al_Gore_0001.jpg,neutral
302,Al_Gore_0002.jpg,anger
302,Al_Gore_0003.jpg,neutral
302,Al_Gore_0004.jpg,neutral
302,Al_Gore_0005.jpg,neutral
302,Al_Gore_0006.jpg,neutral
302,Al_Gore_0007.jpg,happiness
302,Al_Gore_0008.jpg,neutral
302,Al_Leiter_0001.jpg,happiness
302,Al_Pacino_0001.jpg,neutral
302,Al_Pacino_0002.jpg,neutral
302,Al_Pacino_0003.jpg,happiness
302,Al_Sharpton_0001.jpg,neutral
302,Al_Sharpton_0002.jpg,neutral
302,Al_Sharpton_0003.jpg,neutral
302,Al_Sharpton_0004.jpg,neutral
302,Al_Sharpton_0005.jpg,surprise
302,Al_Sharpton_0006.jpg,neutral
302,Al_Sharpton_0007.jpg,neutral
302,Amanda_Beard_0001.jpg,happiness
302,Amanda_Beard_0002.jpg,happiness
302,Amanda_Bynes_0001.jpg,happiness
302,Amanda_Bynes_0002.jpg,happiness
302,Amanda_Bynes_0003.jpg,neutral
302,Amanda_Bynes_0004.jpg,neutral
302,Amanda_Coetzer_0001.jpg,sadness
302,Amanda_Coetzer_0002.jpg,neutral
302,Amanda_Marsh_0001.jpg,happiness
302,Amanda_Plumer_0001.jpg,happiness
302,Amber_Frey_0001.jpg,sadness
302,Amber_Tamblyn_0001.jpg,neutral
302,Amber_Tamblyn_0002.jpg,happiness
302,Ambrose_Lee_0001.jpg,neutral
302,Amelia_Vega_0001.jpg,happiness
302,Amelia_Vega_0002.jpg,happiness
302,Amelia_Vega_0003.jpg,happiness
302,Amelia_Vega_0004.jpg,happiness
302,Amelia_Vega_0005.jpg,happiness
302,Amelia_Vega_0006.jpg,happiness
302,Amelia_Vega_0007.jpg,happiness
302,Amelie_Mauresmo_0001.jpg,neutral
302,Amelie_Mauresmo_0002.jpg,surprise
302,Amelie_Mauresmo_0003.jpg,neutral
302,Amelie_Mauresmo_0004.jpg,neutral
302,Amelie_Mauresmo_0005.jpg,surprise
302,Amelie_Mauresmo_0006.jpg,neutral
302,Amelie_Mauresmo_0007.jpg,neutral
302,Amelie_Mauresmo_0008.jpg,neutral
302,Amelie_Mauresmo_0009.jpg,surprise
302,Amelie_Mauresmo_0010.jpg,happiness
302,Amelie_Mauresmo_0011.jpg,neutral
302,Amelie_Mauresmo_0012.jpg,happiness
302,Amelie_Mauresmo_0013.jpg,neutral
302,Amelie_Mauresmo_0014.jpg,surprise
302,Amelie_Mauresmo_0015.jpg,neutral
302,Amelie_Mauresmo_0016.jpg,neutral
302,Amelie_Mauresmo_0017.jpg,neutral
302,Amelie_Mauresmo_0018.jpg,neutral
302,Amelie_Mauresmo_0019.jpg,neutral
302,Amelie_Mauresmo_0020.jpg,neutral
302,Amelie_Mauresmo_0021.jpg,neutral
302,Amer_al-Saadi_0001.jpg,neutral
302,Amer_al-Saadi_0002.jpg,neutral
302,Amer_al-Saadi_0003.jpg,neutral
302,Amer_al-Saadi_0004.jpg,neutral
302,Amporn_Falise_0001.jpg,neutral
302,Amram_Mitzna_0001.jpg,neutral
302,Amram_Mitzna_0002.jpg,happiness
302,Amr_Moussa_0001.jpg,neutral
302,Amy_Cotton_0001.jpg,happiness
302,Amy_Gale_0001.jpg,sadness
302,Amy_Pascal_0001.jpg,happiness
302,Amy_Redford_0001.jpg,happiness
302,Amy_Smart_0001.jpg,happiness
302,Amy_Yasbeck_0001.jpg,happiness
302,Anastasia_Kelesidou_0001.jpg,neutral
302,Anastasia_Myskina_0001.jpg,anger
302,Anastasia_Myskina_0002.jpg,surprise
302,Anastasia_Myskina_0003.jpg,anger
302,Anatoliy_Kinakh_0001.jpg,neutral
302,Ana_Claudia_Talancon_0001.jpg,happiness
302,Ana_Guevara_0001.jpg,happiness
302,Ana_Guevara_0002.jpg,happiness
302,Ana_Guevara_0003.jpg,happiness
302,Ana_Guevara_0004.jpg,happiness
302,Ana_Guevara_0005.jpg,neutral
302,Ana_Guevara_0006.jpg,happiness
302,Ana_Guevara_0007.jpg,happiness
302,Ana_Isabel_Sanchez_0001.jpg,neutral
302,Ana_Palacio_0001.jpg,neutral
302,Ana_Palacio_0002.jpg,neutral
302,Ana_Palacio_0003.jpg,neutral
302,Ana_Palacio_0004.jpg,neutral
302,Ana_Palacio_0005.jpg,neutral
302,Ana_Palacio_0006.jpg,neutral
302,Ana_Palacio_0007.jpg,neutral
302,Ana_Palacio_0008.jpg,neutral
302,Ana_Paula_Gerard_0001.jpg,happiness
302,Ana_Sebastiao_0001.jpg,happiness
302,Anderson_Varejao_0001.jpg,happiness
302,Anders_Ebbeson_0001.jpg,happiness
302,Anders_Ebbeson_0002.jpg,happiness
302,Anders_Fogh_Rasmussen_0001.jpg,surprise
302,Anders_Fogh_Rasmussen_0002.jpg,happiness
302,Anders_Fogh_Rasmussen_0003.jpg,neutral
302,Anders_Fogh_Rasmussen_0004.jpg,happiness
302,Andreas_Vinciguerra_0001.jpg,surprise
302,Andrea_Bocelli_0001.jpg,neutral
302,Andrea_De_Cruz_0001.jpg,happiness
302,Andrea_Kiser_0001.jpg,neutral
302,Andrea_Yates_0001.jpg,neutral
302,Andrei_Konchalovsky_0001.jpg,happiness
302,Andrei_Mikhnevich_0001.jpg,happiness
302,Andrei_Mikhnevich_0002.jpg,neutral
302,Andrei_Nikolishin_0001.jpg,happiness
302,Andres_DAlessandro_0001.jpg,happiness
302,Andres_Manuel_Lopez_Obrador_0001.jpg,neutral
302,Andres_Pastrana_0001.jpg,neutral
302,Andrew_Bernard_0001.jpg,neutral
302,Andrew_Bunner_0001.jpg,neutral
302,Andrew_Bunner_0002.jpg,happiness
302,Andrew_Caldecott_0001.jpg,neutral
302,Andrew_Cuomo_0001.jpg,neutral
302,Andrew_Cuomo_0002.jpg,happiness
302,Andrew_Fastow_0001.jpg,neutral
302,Andrew_Firestone_0001.jpg,happiness
302,Andrew_Gilligan_0001.jpg,neutral
302,Andrew_Jarecki_0001.jpg,neutral
302,Andrew_Luster_0001.jpg,neutral
302,Andrew_Niccol_0002.jpg,neutral
302,Andrew_Sabey_0001.jpg,neutral
302,Andrew_Shutley_0001.jpg,sadness
302,Andrew_Weissmann_0001.jpg,neutral
302,Andrew_Weissmann_0003.jpg,neutral
302,Andrew_Wetzler_0001.jpg,neutral
302,Andre_Agassi_0001.jpg,neutral
302,Andre_Agassi_0002.jpg,happiness
302,Andre_Agassi_0003.jpg,happiness
302,Andre_Agassi_0004.jpg,happiness
302,Andre_Agassi_0005.jpg,neutral
302,Andre_Agassi_0006.jpg,neutral
302,Andre_Agassi_0007.jpg,happiness
302,Andre_Agassi_0009.jpg,happiness
302,Andre_Agassi_0010.jpg,happiness
302,Andre_Agassi_0011.jpg,neutral
302,Andre_Agassi_0012.jpg,surprise
302,Andre_Agassi_0013.jpg,happiness
302,Andre_Agassi_0014.jpg,sadness
302,Andre_Agassi_0015.jpg,happiness
302,Andre_Agassi_0016.jpg,happiness
302,Andre_Agassi_0017.jpg,happiness
302,Andre_Agassi_0018.jpg,happiness
302,Andre_Agassi_0019.jpg,happiness
302,Andre_Agassi_0020.jpg,happiness
302,Andre_Agassi_0021.jpg,neutral
302,Andre_Agassi_0022.jpg,happiness
302,Andre_Agassi_0023.jpg,happiness
302,Andre_Agassi_0024.jpg,happiness
302,Andre_Agassi_0025.jpg,happiness
302,Andre_Agassi_0026.jpg,happiness
302,Andre_Agassi_0027.jpg,happiness
302,Andre_Agassi_0028.jpg,happiness
302,Andre_Agassi_0029.jpg,happiness
302,Andre_Agassi_0030.jpg,happiness
302,Andre_Agassi_0031.jpg,happiness
302,Andre_Agassi_0032.jpg,happiness
302,Andre_Agassi_0033.jpg,neutral
302,Andre_Agassi_0034.jpg,sadness
302,Andre_Agassi_0035.jpg,happiness
302,Andre_Agassi_0036.jpg,happiness
302,Andre_Bucher_0001.jpg,neutral
302,Andre_Lange_0001.jpg,neutral
302,Andre_Smith_0001.jpg,happiness
302,Andre_Techine_0001.jpg,neutral
302,Andrzej_Tyszkiewicz_0001.jpg,neutral
302,Andy_Benes_0001.jpg,neutral
302,Andy_Bryant_0001.jpg,neutral
302,Andy_Dick_0001.jpg,neutral
302,Andy_Garcia_0001.jpg,happiness
302,Andy_Graves_0001.jpg,neutral
302,Andy_Griffith_0001.jpg,happiness
302,Andy_Griggs_0001.jpg,happiness
302,Andy_Hebb_0001.jpg,neutral
302,Andy_Hebb_0002.jpg,neutral
302,Andy_Lau_0001.jpg,neutral
302,Andy_Madikians_0001.jpg,neutral
302,Andy_North_0001.jpg,neutral
302,Andy_Perez_0001.jpg,neutral
302,Andy_Roddick_0001.jpg,neutral
302,Andy_Roddick_0002.jpg,happiness
302,Andy_Roddick_0003.jpg,happiness
302,Andy_Roddick_0006.jpg,neutral
302,Andy_Roddick_0007.jpg,neutral
302,Andy_Roddick_0008.jpg,neutral
302,Andy_Roddick_0009.jpg,happiness
302,Andy_Roddick_0011.jpg,happiness
302,Andy_Roddick_0012.jpg,neutral
302,Andy_Roddick_0013.jpg,neutral
302,Andy_Roddick_0014.jpg,neutral
302,Andy_Rooney_0001.jpg,happiness
302,Andy_Warhol_0001.jpg,neutral
302,Anette_Hosoi_0001.jpg,sadness
302,AnFernce_Negron_0001.jpg,happiness
302,Angela_Alvarado_Rosa_0001.jpg,neutral
302,Angela_Bassett_0001.jpg,happiness
302,Angela_Bassett_0002.jpg,happiness
302,Angela_Bassett_0003.jpg,happiness
302,Angela_Bassett_0004.jpg,happiness
302,Angela_Bassett_0005.jpg,happiness
302,Angela_Bassett_0006.jpg,happiness
302,Angela_Lansbury_0001.jpg,happiness
302,Angela_Mascia-Frye_0001.jpg,happiness
302,Angela_Merkel_0001.jpg,happiness
302,Angela_Merkel_0002.jpg,happiness
302,Angela_Merkel_0003.jpg,neutral
302,Angela_Merkel_0004.jpg,happiness
302,Angela_Merkel_0005.jpg,happiness
302,Angelica_Romero_0001.jpg,neutral
302,Angelina_Jolie_0001.jpg,happiness
302,Angelina_Jolie_0002.jpg,happiness
302,Angelina_Jolie_0003.jpg,happiness
302,Angelina_Jolie_0004.jpg,happiness
302,Angelina_Jolie_0005.jpg,anger
302,Angelina_Jolie_0006.jpg,neutral
302,Angelina_Jolie_0007.jpg,neutral
302,Angelina_Jolie_0008.jpg,neutral
302,Angelina_Jolie_0009.jpg,neutral
302,Angelina_Jolie_0010.jpg,neutral
302,Angelina_Jolie_0011.jpg,happiness
302,Angelina_Jolie_0013.jpg,happiness
302,Angelina_Jolie_0014.jpg,neutral
302,Angelina_Jolie_0015.jpg,happiness
302,Angelina_Jolie_0016.jpg,neutral
302,Angelina_Jolie_0018.jpg,happiness
302,Angelina_Jolie_0019.jpg,neutral
302,Angelina_Jolie_0020.jpg,neutral
302,Angelo_Genova_0001.jpg,happiness
302,Angelo_Reyes_0001.jpg,neutral
302,Angelo_Reyes_0002.jpg,neutral
302,Angelo_Reyes_0003.jpg,neutral
302,Angelo_Reyes_0004.jpg,neutral
302,Angel_Lockward_0001.jpg,happiness
302,Angel_Maza_0001.jpg,happiness
302,Angie_Arzola_0001.jpg,neutral
302,Angie_Martinez_0001.jpg,happiness
302,Anibal_Ibarra_0001.jpg,happiness
302,Anibal_Ibarra_0002.jpg,happiness
302,Anibal_Ibarra_0003.jpg,happiness
302,Anil_Ramsook_0001.jpg,neutral
302,Anita_DeFrantz_0001.jpg,happiness
302,Anjum_Hussain_0001.jpg,neutral
302,Anna_Chicherova_0001.jpg,surprise
302,Anna_Faris_0001.jpg,happiness
302,Anna_Jones_0001.jpg,sadness
302,Anna_Kournikova_0001.jpg,neutral
302,Anna_Kournikova_0002.jpg,happiness
302,Anna_Kournikova_0003.jpg,neutral
302,Anna_Kournikova_0006.jpg,neutral
302,Anna_Kournikova_0007.jpg,neutral
302,Anna_Kournikova_0008.jpg,neutral
302,Anna_Kournikova_0010.jpg,neutral
302,Anna_Kournikova_0011.jpg,sadness
302,Anna_Kournikova_0012.jpg,happiness
302,Anna_Nicole_Smith_0001.jpg,happiness
302,Anna_Nicole_Smith_0002.jpg,happiness
302,Anneli_Jaatteenmaki_0001.jpg,neutral
302,Anneli_Jaatteenmaki_0002.jpg,happiness
302,Annette_Bening_0001.jpg,happiness
302,Annette_Bening_0002.jpg,happiness
302,Annette_Lu_0001.jpg,happiness
302,Annette_Lu_0002.jpg,neutral
302,Annette_Lu_0003.jpg,neutral
302,Anne_Cavers_0001.jpg,neutral
302,Anne_Donovan_0001.jpg,surprise
302,Anne_Heche_0001.jpg,happiness
302,Anne_Krueger_0001.jpg,neutral
302,Anne_Krueger_0002.jpg,neutral
302,Anne_Krueger_0003.jpg,happiness
302,Anne_McLellan_0001.jpg,happiness
302,Anne_McLellan_0002.jpg,neutral
302,Anne_McLellan_0003.jpg,neutral
302,Anne_ONeil_0001.jpg,neutral
302,Annie-Jeanne_Reynaud_0001.jpg,happiness
302,Annie_Chaplin_0001.jpg,happiness
302,Annie_Machon_0001.jpg,neutral
302,Ann_Godbehere_0001.jpg,neutral
302,Ann_Landers_0001.jpg,happiness
302,Ann_Morgan_0001.jpg,happiness
302,Ann_Veneman_0001.jpg,neutral
302,Ann_Veneman_0002.jpg,neutral
302,Ann_Veneman_0003.jpg,happiness
302,Ann_Veneman_0004.jpg,happiness
302,Ann_Veneman_0005.jpg,happiness
302,Ann_Veneman_0006.jpg,neutral
302,Ann_Veneman_0007.jpg,neutral
302,Ann_Veneman_0008.jpg,neutral
302,Ann_Veneman_0009.jpg,neutral
302,Ann_Veneman_0010.jpg,neutral
302,Ann_Veneman_0011.jpg,neutral
302,Antanas_Valionis_0001.jpg,happiness
302,Anthony_Carter_0001.jpg,neutral
302,Anthony_Corso_0001.jpg,happiness
302,Anthony_Ervin_0001.jpg,happiness
302,Anthony_Fauci_0001.jpg,neutral
302,Anthony_Fauci_0002.jpg,happiness
302,Anthony_Garotinho_0001.jpg,happiness
302,Anthony_Hazen_0001.jpg,neutral
302,Anthony_Hopkins_0001.jpg,neutral
302,Anthony_Hopkins_0002.jpg,neutral
302,Anthony_LaPaglia_0001.jpg,happiness
302,Anthony_LaPaglia_0002.jpg,happiness
302,Anthony_Lee_Johnson_0001.jpg,happiness
302,Anthony_Mazur_0001.jpg,neutral
302,Anthony_Pico_0001.jpg,happiness
302,Anthony_Pisciotti_0001.jpg,neutral
302,Anthony_Principi_0001.jpg,neutral
302,Anthony_Rackauckas_0001.jpg,neutral
302,Anthony_Scott_Miller_0001.jpg,happiness
302,Antje_Buschschulte_0001.jpg,happiness
302,Antonio_Banderas_0001.jpg,neutral
302,Antonio_Banderas_0002.jpg,happiness
302,Antonio_Banderas_0003.jpg,neutral
302,Antonio_Banderas_0004.jpg,surprise
302,Antonio_Banderas_0005.jpg,neutral
302,Antonio_Bernardo_0001.jpg,neutral
302,Antonio_Cassano_0001.jpg,sadness
302,Antonio_Catania_0001.jpg,neutral
302,Antonio_Elias_Saca_0001.jpg,happiness
302,Antonio_Palocci_0001.jpg,neutral
302,Antonio_Palocci_0002.jpg,neutral
302,Antonio_Palocci_0003.jpg,happiness
302,Antonio_Palocci_0004.jpg,neutral
302,Antonio_Palocci_0005.jpg,neutral
302,Antonio_Palocci_0006.jpg,neutral
302,Antonio_Palocci_0007.jpg,happiness
302,Antonio_Palocci_0008.jpg,happiness
302,Antonio_Trillanes_0001.jpg,neutral
302,Antonio_Trillanes_0002.jpg,neutral
302,Antonio_Trillanes_0003.jpg,neutral
302,Antony_Leung_0001.jpg,happiness
302,Antony_Leung_0002.jpg,happiness
302,Antony_Leung_0003.jpg,happiness
302,Antony_Leung_0004.jpg,neutral
302,Anton_Balasingham_0001.jpg,neutral
302,Antwun_Echols_0001.jpg,neutral
302,Anwar_Ibrahim_0001.jpg,neutral
302,Anwar_Ibrahim_0002.jpg,happiness
302,Anzori_Kikalishvili_0001.jpg,neutral
302,Aparna_Pillai_0001.jpg,happiness
302,Aram_Adler_0001.jpg,surprise
302,Arantxa_Sanchez-Vicario_0001.jpg,happiness
302,Arantxa_Sanchez-Vicario_0002.jpg,happiness
302,Aretha_Franklin_0001.jpg,happiness
302,Arianna_Huffington_0001.jpg,happiness
302,Arianna_Huffington_0002.jpg,neutral
302,Arianna_Huffington_0003.jpg,happiness
302,Arianna_Huffington_0004.jpg,happiness
302,Ariel_Sharon_0001.jpg,happiness
302,Ariel_Sharon_0002.jpg,neutral
302,Ariel_Sharon_0003.jpg,neutral
302,Ariel_Sharon_0004.jpg,happiness
302,Ariel_Sharon_0005.jpg,neutral
302,Ariel_Sharon_0006.jpg,neutral
302,Ariel_Sharon_0007.jpg,neutral
302,Ariel_Sharon_0008.jpg,neutral
302,Ariel_Sharon_0010.jpg,happiness
302,Ariel_Sharon_0011.jpg,happiness
302,Ariel_Sharon_0013.jpg,neutral
302,Ariel_Sharon_0014.jpg,neutral
302,Ariel_Sharon_0015.jpg,neutral
302,Ariel_Sharon_0016.jpg,neutral
302,Ariel_Sharon_0018.jpg,neutral
302,Ariel_Sharon_0019.jpg,neutral
302,Ariel_Sharon_0020.jpg,happiness
302,Ariel_Sharon_0021.jpg,neutral
302,Ariel_Sharon_0022.jpg,neutral
302,Ariel_Sharon_0023.jpg,happiness
302,Ariel_Sharon_0024.jpg,neutral
302,Ariel_Sharon_0025.jpg,neutral
302,Ariel_Sharon_0026.jpg,neutral
302,Ariel_Sharon_0027.jpg,neutral
302,Ariel_Sharon_0028.jpg,neutral
302,Ariel_Sharon_0029.jpg,neutral
302,Ariel_Sharon_0030.jpg,happiness
302,Ariel_Sharon_0031.jpg,neutral
302,Ariel_Sharon_0032.jpg,happiness
302,Ariel_Sharon_0033.jpg,neutral
302,Ariel_Sharon_0035.jpg,neutral
302,Ariel_Sharon_0036.jpg,happiness
302,Ariel_Sharon_0037.jpg,happiness
302,Ariel_Sharon_0038.jpg,neutral
302,Ariel_Sharon_0039.jpg,neutral
302,Ariel_Sharon_0040.jpg,neutral
302,Ariel_Sharon_0041.jpg,happiness
302,Ariel_Sharon_0042.jpg,neutral
302,Ariel_Sharon_0043.jpg,neutral
302,Ariel_Sharon_0044.jpg,neutral
302,Ariel_Sharon_0045.jpg,neutral
302,Ariel_Sharon_0047.jpg,neutral
302,Ariel_Sharon_0048.jpg,neutral
302,Ariel_Sharon_0050.jpg,neutral
302,Ariel_Sharon_0051.jpg,happiness
302,Ariel_Sharon_0052.jpg,neutral
302,Ariel_Sharon_0053.jpg,happiness
302,Ariel_Sharon_0054.jpg,neutral
302,Ariel_Sharon_0055.jpg,happiness
302,Ariel_Sharon_0056.jpg,neutral
302,Ariel_Sharon_0057.jpg,neutral
302,Ariel_Sharon_0058.jpg,neutral
302,Ariel_Sharon_0059.jpg,neutral
302,Ariel_Sharon_0060.jpg,happiness
302,Ariel_Sharon_0061.jpg,happiness
302,Ariel_Sharon_0062.jpg,happiness
302,Ariel_Sharon_0063.jpg,neutral
302,Ariel_Sharon_0064.jpg,happiness
302,Ariel_Sharon_0065.jpg,neutral
302,Ariel_Sharon_0066.jpg,neutral
302,Ariel_Sharon_0067.jpg,neutral
302,Ariel_Sharon_0068.jpg,neutral
302,Ariel_Sharon_0069.jpg,happiness
302,Ariel_Sharon_0070.jpg,neutral
302,Ariel_Sharon_0071.jpg,neutral
302,Ariel_Sharon_0072.jpg,neutral
302,Ariel_Sharon_0073.jpg,neutral
302,Ariel_Sharon_0074.jpg,happiness
302,Ariel_Sharon_0075.jpg,neutral
302,Ariel_Sharon_0076.jpg,neutral
302,Ariel_Sharon_0077.jpg,neutral
302,Arie_Haan_0001.jpg,neutral
302,Arif_Mardin_0001.jpg,happiness
302,Ari_Bousbib_0001.jpg,happiness
302,Ari_Fleischer_0001.jpg,happiness
302,Ari_Fleischer_0002.jpg,neutral
302,Ari_Fleischer_0003.jpg,neutral
302,Ari_Fleischer_0004.jpg,happiness
302,Ari_Fleischer_0005.jpg,happiness
302,Ari_Fleischer_0006.jpg,neutral
302,Ari_Fleischer_0007.jpg,neutral
302,Ari_Fleischer_0008.jpg,neutral
302,Ari_Fleischer_0009.jpg,neutral
302,Ari_Fleischer_0010.jpg,happiness
302,Ari_Fleischer_0011.jpg,neutral
302,Ari_Fleischer_0012.jpg,happiness
302,Ari_Fleischer_0013.jpg,neutral
302,Arlen_Specter_0001.jpg,neutral
302,Arlen_Specter_0002.jpg,neutral
302,Armando_Avila_Panchame_0001.jpg,neutral
302,Armando_Calderon_Sol_0001.jpg,neutral
302,Armando_Carrillo_0001.jpg,sadness
302,Armand_Sargen_0001.jpg,neutral
302,Arminio_Fraga_0001.jpg,neutral
302,Arminio_Fraga_0002.jpg,neutral
302,Arminio_Fraga_0003.jpg,neutral
302,Arminio_Fraga_0004.jpg,happiness
302,Arminio_Fraga_0005.jpg,neutral
302,Arminio_Fraga_0006.jpg,neutral
302,Arnaud_Clement_0001.jpg,contempt
302,Arnaud_Clement_0002.jpg,neutral
302,Arnaud_Lagardere_0001.jpg,sadness
302,Arnie_Boehm_0001.jpg,neutral
302,Arnoldo_Aleman_0002.jpg,happiness
302,Arnoldo_Aleman_0003.jpg,neutral
302,Arnoldo_Aleman_0004.jpg,neutral
302,Arnoldo_Aleman_0005.jpg,happiness
302,Arnold_Palmer_0001.jpg,happiness
302,Arnold_Palmer_0002.jpg,neutral
302,Arnold_Palmer_0003.jpg,neutral
302,Arnold_Schwarzenegger_0001.jpg,neutral
302,Arnold_Schwarzenegger_0002.jpg,happiness
302,Arnold_Schwarzenegger_0003.jpg,happiness
302,Arnold_Schwarzenegger_0004.jpg,happiness
302,Arnold_Schwarzenegger_0005.jpg,happiness
302,Arnold_Schwarzenegger_0006.jpg,happiness
302,Arnold_Schwarzenegger_0007.jpg,happiness
302,Arnold_Schwarzenegger_0008.jpg,neutral
302,Arnold_Schwarzenegger_0009.jpg,happiness
302,Arnold_Schwarzenegger_0010.jpg,happiness
302,Arnold_Schwarzenegger_0011.jpg,happiness
302,Arnold_Schwarzenegger_0012.jpg,happiness
302,Arnold_Schwarzenegger_0013.jpg,happiness
302,Arnold_Schwarzenegger_0014.jpg,happiness
302,Arnold_Schwarzenegger_0015.jpg,happiness
302,Arnold_Schwarzenegger_0016.jpg,neutral
302,Arnold_Schwarzenegger_0017.jpg,neutral
302,Arnold_Schwarzenegger_0018.jpg,happiness
302,Arnold_Schwarzenegger_0019.jpg,neutral
302,Arnold_Schwarzenegger_0020.jpg,neutral
302,Arnold_Schwarzenegger_0021.jpg,neutral
302,Arnold_Schwarzenegger_0022.jpg,happiness
302,Arnold_Schwarzenegger_0023.jpg,anger
302,Arnold_Schwarzenegger_0024.jpg,surprise
302,Arnold_Schwarzenegger_0025.jpg,neutral
302,Arnold_Schwarzenegger_0026.jpg,neutral
302,Arnold_Schwarzenegger_0027.jpg,happiness
302,Arnold_Schwarzenegger_0028.jpg,neutral
302,Arnold_Schwarzenegger_0029.jpg,happiness
302,Arnold_Schwarzenegger_0030.jpg,happiness
302,Arnold_Schwarzenegger_0031.jpg,happiness
302,Arnold_Schwarzenegger_0032.jpg,surprise
302,Arnold_Schwarzenegger_0033.jpg,happiness
302,Arnold_Schwarzenegger_0034.jpg,neutral
302,Arnold_Schwarzenegger_0035.jpg,happiness
302,Arnold_Schwarzenegger_0036.jpg,neutral
302,Arnold_Schwarzenegger_0037.jpg,happiness
302,Arnold_Schwarzenegger_0038.jpg,neutral
302,Arnold_Schwarzenegger_0039.jpg,happiness
302,Arnold_Schwarzenegger_0041.jpg,happiness
302,Arnold_Schwarzenegger_0042.jpg,happiness
302,Arnold_Scott_0001.jpg,neutral
302,Aron_Ralston_0001.jpg,surprise
302,Aron_Ralston_0002.jpg,neutral
302,Arsinee_Khanjian_0002.jpg,happiness
302,Arthur_Johnson_0001.jpg,surprise
302,Arthur_Martinez_0001.jpg,neutral
302,Artieas_Shanks_0001.jpg,neutral
302,Arturo_Gatti_0001.jpg,neutral
302,Arturo_Gatti_0002.jpg,neutral
302,Arturo_Gatti_0003.jpg,neutral